{"count":1,"self":179.0092928,"total":180.297736,"children":{"InitializeActuators":{"count":2,"self":0.00099739999999999985,"total":0.00099739999999999985,"children":null},"InitializeSensors":{"count":2,"self":0.0015413999999999998,"total":0.0015413999999999998,"children":null},"AgentSendState":{"count":8788,"self":0.0509252,"total":0.1170392,"children":{"CollectObservations":{"count":1758,"self":0.053191699999999995,"total":0.053191699999999995,"children":null},"WriteActionMask":{"count":1758,"self":0.0019941,"total":0.0019941,"children":null},"RequestDecision":{"count":1758,"self":0.010928199999999999,"total":0.010928199999999999,"children":null}}},"DecideAction":{"count":8788,"self":1.0825506999999999,"total":1.0825506999999999,"children":null},"AgentAct":{"count":8788,"self":0.085318999999999992,"total":0.085318999999999992,"children":null}},"gauges":{"Walker.CumulativeReward":{"count":1,"max":1251.638,"min":1251.638,"runningAverage":1251.638,"value":1251.638,"weightedAverage":1251.638}},"metadata":{"timer_format_version":"0.1.0","start_time_seconds":"1621850870","unity_version":"2020.3.3f1","command_line_arguments":"C:\\Program Files\\Unity\\Hub\\Editor\\2020.3.3f1\\Editor\\Unity.exe -projectpath C:\/Users\/JGK\/Documents\/GitHub\/RagdollTrainer -useHub -hubIPC -cloudEnvironment production -hubSessionId 9bc54830-bbbe-11eb-9bda-4f847903dca7 -accessToken _3mnbMa6pWltTK-jbtQd79zv6pVKMzBGZmE0uq99cyk002f","communication_protocol_version":"1.5.0","com.unity.ml-agents_version":"2.0.0-pre.3","scene_name":"Ragdoll","end_time_seconds":"1621851050"}}